Order,Mean Error,MAE,RMSE,CORR,MINMAX
25,981.1137783532671,7091.036307144627,8325.948768451572,-0.29887513318121567,0.1475895605711134